Hazel;Hugenin;hhugenin0@heg.ch;ETUDIANT
Kearney;O' Connell;koconnell1@heg.ch;ETUDIANT
Evangelin;Swallow;eswallow2@heg.ch;ETUDIANT
Ody;Oswell;ooswell3@heg.ch;ETUDIANT
Adriano;Mattimoe;amattimoe4@heg.ch;ETUDIANT
Susanetta;Karslake;skarslake5@heg.ch;ETUDIANT
Berta;Juan;bjuan6@heg.ch;ETUDIANT
Jarvis;Auty;jauty7@heg.ch;ETUDIANT
Bird;Brunnen;bbrunnen8@heg.ch;ETUDIANT
Henriette;Jorczyk;hjorczyk9@heg.ch;ETUDIANT
Jocko;Gatty;jgattya@heg.ch;ETUDIANT
Costanza;Amiable;camiableb@heg.ch;ETUDIANT
Lorain;Chesney;lchesneyc@heg.ch;ETUDIANT
Kathryn;Josh;kjoshd@heg.ch;ETUDIANT
Jermayne;Gadie;jgadiee@heg.ch;ETUDIANT
Cly;Allum;callumf@heg.ch;ETUDIANT
Florri;Klimuk;fklimukg@heg.ch;ETUDIANT
Lemuel;Armitt;larmitth@heg.ch;ETUDIANT
Regan;Hannigan;rhannigani@heg.ch;ETUDIANT
Grove;Ramberg;grambergj@heg.ch;ETUDIANT
Adah;Casellas;acasellask@heg.ch;ETUDIANT
Kearney;Banasevich;kbanasevichl@heg.ch;ETUDIANT
Neille;Batiste;nbatistem@heg.ch;ETUDIANT
Collen;Pendall;cpendalln@heg.ch;ETUDIANT
Goran;Pimley;gpimleyo@heg.ch;ETUDIANT
Giraud;Muschette;gmuschettep@heg.ch;ETUDIANT
Vevay;Crombleholme;vcrombleholmeq@heg.ch;ETUDIANT
Eldredge;Jonuzi;ejonuzir@heg.ch;ETUDIANT
Vail;Notley;vnotleys@heg.ch;ETUDIANT
Guenevere;Twinbrow;gtwinbrowt@heg.ch;ETUDIANT
Ludovika;Parlot;lparlotu@heg.ch;ETUDIANT
Allyn;Minocchi;aminocchiv@heg.ch;ETUDIANT
Arturo;Seeler;aseelerw@heg.ch;ETUDIANT
Orazio;Prudham;oprudhamx@heg.ch;ETUDIANT
Corrine;Rofe;crofey@heg.ch;ETUDIANT
Billy;Wigelsworth;bwigelsworthz@heg.ch;ETUDIANT
Andrey;Brackenridge;abrackenridge10@heg.ch;ETUDIANT
Reinhold;Fortye;rfortye11@heg.ch;ETUDIANT
Zabrina;Townend;ztownend12@heg.ch;ETUDIANT
Jourdain;Foggo;jfoggo13@heg.ch;ETUDIANT
Kelila;Fountaine;kfountaine14@heg.ch;ETUDIANT
Brenna;Markie;bmarkie15@heg.ch;ETUDIANT
Stacia;Libby;slibby16@heg.ch;ETUDIANT
Edyth;Bolle;ebolle17@heg.ch;ETUDIANT
Odille;Snow;osnow18@heg.ch;ETUDIANT
Vivianna;Asif;vasif19@heg.ch;ETUDIANT
Dulce;Itzhak;ditzhak1a@heg.ch;ETUDIANT
Parsifal;MacFarlane;pmacfarlane1b@heg.ch;ETUDIANT
Samuel;Newbegin;snewbegin1c@heg.ch;ETUDIANT
Jewell;Texton;jtexton1d@heg.ch;ETUDIANT
Elysee;Temporal;etemporal1e@heg.ch;ETUDIANT
Deanne;Grinnikov;dgrinnikov1f@heg.ch;ETUDIANT
Foss;Neal;fneal1g@heg.ch;ETUDIANT
Nancey;Gallymore;ngallymore1h@heg.ch;ETUDIANT
Gretal;Jacop;gjacop1i@heg.ch;ETUDIANT
Elyssa;Kauschke;ekauschke1j@heg.ch;ETUDIANT
Alidia;Briskey;abriskey1k@heg.ch;ETUDIANT
Sloane;Oager;soager1l@heg.ch;ETUDIANT
Louisa;Kenney;lkenney1m@heg.ch;ETUDIANT
Cassi;Battista;cbattista1n@heg.ch;ETUDIANT
Rufe;Broomhall;rbroomhall1o@heg.ch;ETUDIANT
Diahann;Tungate;dtungate1p@heg.ch;ETUDIANT
Andy;Laverenz;alaverenz1q@heg.ch;ETUDIANT
Rip;Fransoni;rfransoni1r@heg.ch;ETUDIANT
Sol;Redsell;sredsell1s@heg.ch;ETUDIANT
Marcy;MacCosty;mmaccosty1t@heg.ch;ETUDIANT
Panchito;Episcopi;pepiscopi1u@heg.ch;ETUDIANT
Hort;Tindle;htindle1v@heg.ch;ETUDIANT
Loise;Siward;lsiward1w@heg.ch;ETUDIANT
Zita;Windle;zwindle1x@heg.ch;ETUDIANT
Tammie;Olenov;tolenov1y@heg.ch;ETUDIANT
Kristos;Haldane;khaldane1z@heg.ch;ETUDIANT
Lowrance;Binning;lbinning20@heg.ch;ETUDIANT
Selestina;Hegden;shegden21@heg.ch;ETUDIANT
Krysta;Birdseye;kbirdseye22@heg.ch;ETUDIANT
Cloe;Norville;cnorville23@heg.ch;ETUDIANT
Daloris;Woltman;dwoltman24@heg.ch;ETUDIANT
Caro;Deighton;cdeighton25@heg.ch;ETUDIANT
Salomone;Longhorne;slonghorne26@heg.ch;ETUDIANT
Tess;Cator;tcator27@heg.ch;ETUDIANT
Frayda;Ewin;fewin28@heg.ch;ETUDIANT
Alvina;Banes;abanes29@heg.ch;ETUDIANT
Ardisj;Merle;amerle2a@heg.ch;ETUDIANT
Hilary;Linwood;hlinwood2b@heg.ch;ETUDIANT
Minna;Adamovsky;madamovsky2c@heg.ch;ETUDIANT
Raquel;Kesten;rkesten2d@heg.ch;ETUDIANT
Palm;Bianco;pbianco2e@heg.ch;ETUDIANT
Marena;Feldharker;mfeldharker2f@heg.ch;ETUDIANT
Roseanna;Soigoux;rsoigoux2g@heg.ch;ETUDIANT
Kristi;Taffrey;ktaffrey2h@heg.ch;ETUDIANT
Codee;Buckenhill;cbuckenhill2i@heg.ch;ETUDIANT
Patrizio;Gossage;pgossage2j@heg.ch;ETUDIANT
Robby;Iscowitz;riscowitz2k@heg.ch;ETUDIANT
Hilton;Few;hfew2l@heg.ch;ETUDIANT
Ginevra;Fasham;gfasham2m@heg.ch;ETUDIANT
Vi;Shackelton;vshackelton2n@heg.ch;ETUDIANT
Dione;Casterot;dcasterot2o@heg.ch;ETUDIANT
Tommie;Rudham;trudham2p@heg.ch;ETUDIANT
Jeffry;Cruft;jcruft2q@heg.ch;ETUDIANT
Kurt;Colleton;kcolleton2r@heg.ch;ETUDIANT
Samson;Marcum;smarcum2s@heg.ch;ETUDIANT
Caro;Reedie;creedie2t@heg.ch;ETUDIANT
D'arcy;Klimes;dklimes2u@heg.ch;ETUDIANT
Sheree;Alcott;salcott2v@heg.ch;ETUDIANT
Nick;Bosanko;nbosanko2w@heg.ch;ETUDIANT
Jonathan;Arpe;jarpe2x@heg.ch;ETUDIANT
Johan;Gibbe;jgibbe2y@heg.ch;ETUDIANT
Ellwood;MacKessock;emackessock2z@heg.ch;ETUDIANT
Robinia;Scrinage;rscrinage30@heg.ch;ETUDIANT
Jeromy;Dewicke;jdewicke31@heg.ch;ETUDIANT
Miner;Bettenson;mbettenson32@heg.ch;ETUDIANT
Darwin;Gates;dgates33@heg.ch;ETUDIANT
Al;Whetnall;awhetnall34@heg.ch;ETUDIANT
Corrie;Fusco;cfusco35@heg.ch;ETUDIANT
Tedie;Braikenridge;tbraikenridge36@heg.ch;ETUDIANT
Law;Kesley;lkesley37@heg.ch;ETUDIANT
Neale;Isaksson;nisaksson38@heg.ch;ETUDIANT
William;Pead;wpead39@heg.ch;ETUDIANT
Lisetta;Muldoon;lmuldoon3a@heg.ch;ETUDIANT
Godfrey;Eastmond;geastmond3b@heg.ch;ETUDIANT
Bertie;Vigers;bvigers3c@heg.ch;ETUDIANT
Ilsa;Longhorne;ilonghorne3d@heg.ch;ETUDIANT
Earlie;Saffin;esaffin3e@heg.ch;ETUDIANT
Tatiania;Geertz;tgeertz3f@heg.ch;ETUDIANT
Fax;MacKibbon;fmackibbon3g@heg.ch;ETUDIANT
Allx;Fothergill;afothergill3h@heg.ch;ETUDIANT
Lurleen;Ewert;lewert3i@heg.ch;ETUDIANT
Simmonds;Ocklin;socklin3j@heg.ch;ETUDIANT
Rodrick;Fass;rfass3k@heg.ch;ETUDIANT
Garnette;Guion;gguion3l@heg.ch;ETUDIANT
Sammy;Lockyer;slockyer3m@heg.ch;ETUDIANT
Leeanne;Ferronet;lferronet3n@heg.ch;ETUDIANT
Jeanelle;Bootell;jbootell3o@heg.ch;ETUDIANT
Anastasie;Eseler;aeseler3p@heg.ch;ETUDIANT
Zacharias;Rides;zrides3q@heg.ch;ETUDIANT
Dan;Orpin;dorpin3r@heg.ch;ETUDIANT
Valentijn;Trapp;vtrapp3s@heg.ch;ETUDIANT
Carmelle;Renfrew;crenfrew3t@heg.ch;ETUDIANT
Cordy;Asplin;casplin3u@heg.ch;ETUDIANT
Nanci;Saltern;nsaltern3v@heg.ch;ETUDIANT
Fairfax;Dominetti;fdominetti3w@heg.ch;ETUDIANT
Winne;Lidstone;wlidstone3x@heg.ch;ETUDIANT
Milka;Beadnell;mbeadnell3y@heg.ch;ETUDIANT
Randie;Atling;ratling3z@heg.ch;ETUDIANT
Doyle;Charnley;dcharnley40@heg.ch;ETUDIANT
Harlene;Organ;horgan41@heg.ch;ETUDIANT
Waylon;Dicks;wdicks42@heg.ch;ETUDIANT
Flossy;Jagg;fjagg43@heg.ch;ETUDIANT
Waring;Villiers;wvilliers44@heg.ch;ETUDIANT
Chanda;Corrao;ccorrao45@heg.ch;ETUDIANT
Gris;Whitehurst;gwhitehurst46@head.ch;ETUDIANT
Marge;Gero;mgero47@head.ch;ETUDIANT
Jocelyn;Roskelly;jroskelly48@head.ch;ETUDIANT
Arlan;McGlynn;amcglynn49@head.ch;ETUDIANT
Lenna;Itzkovwitch;litzkovwitch4a@head.ch;ETUDIANT
Dan;Yitshak;dyitshak4b@head.ch;ETUDIANT
Jehu;McCrostie;jmccrostie4c@head.ch;ETUDIANT
Georges;Halloran;ghalloran4d@head.ch;ETUDIANT
Luis;Caughtry;lcaughtry4e@head.ch;ETUDIANT
Maridel;Shiel;mshiel4f@head.ch;ETUDIANT
Cymbre;Guymer;cguymer4g@head.ch;ETUDIANT
Catherina;Basten;cbasten4h@head.ch;ETUDIANT
Candida;Roden;croden4i@head.ch;ETUDIANT
Carmita;Charlotte;ccharlotte4j@head.ch;ETUDIANT
Marcello;Bodega;mbodega4k@head.ch;ETUDIANT
Iorgos;Shurrock;ishurrock4l@head.ch;ETUDIANT
Jesse;Lethabridge;jlethabridge4m@head.ch;ETUDIANT
Nert;Gianuzzi;ngianuzzi4n@head.ch;ETUDIANT
Luciano;Effnert;leffnert4o@head.ch;ETUDIANT
Debora;Ronchetti;dronchetti4p@head.ch;ETUDIANT
Shepard;Bulled;sbulled4q@head.ch;ETUDIANT
Chico;Gotts;cgotts4r@head.ch;ETUDIANT
Ogdan;Klimt;oklimt4s@head.ch;ETUDIANT
Mag;Leneve;mleneve4t@head.ch;ETUDIANT
Isabeau;Paternoster;ipaternoster4u@head.ch;ETUDIANT
Nannie;Tredget;ntredget4v@head.ch;ETUDIANT
Noreen;Foyle;nfoyle4w@head.ch;ETUDIANT
Milka;Petzold;mpetzold4x@head.ch;ETUDIANT
Teddie;Berre;tberre4y@head.ch;ETUDIANT
Sander;Giacopelo;sgiacopelo4z@head.ch;ETUDIANT
Katlin;Vannuccinii;kvannuccinii50@head.ch;ETUDIANT
Fanya;Narraway;fnarraway51@head.ch;ETUDIANT
Cecilla;Chidley;cchidley52@head.ch;ETUDIANT
Brett;Debling;bdebling53@head.ch;ETUDIANT
Travis;Goodman;tgoodman54@head.ch;ETUDIANT
Melisenda;Gallone;mgallone55@head.ch;ETUDIANT
Erena;Connerly;econnerly56@head.ch;ETUDIANT
Gav;Meach;gmeach57@head.ch;ETUDIANT
Bord;Malan;bmalan58@head.ch;ETUDIANT
Nalani;Willson;nwillson59@head.ch;ETUDIANT
Corabella;Layne;clayne5a@head.ch;ETUDIANT
Reggie;Jaegar;rjaegar5b@head.ch;ETUDIANT
Marysa;Heaseman;mheaseman5c@head.ch;ETUDIANT
Ludvig;Power;lpower5d@head.ch;ETUDIANT
Coretta;Ferraraccio;cferraraccio5e@head.ch;ETUDIANT
Catina;Iglesia;ciglesia5f@head.ch;ETUDIANT
Saraann;Caras;scaras5g@head.ch;ETUDIANT
Reiko;O'Cahsedy;rocahsedy5h@head.ch;ETUDIANT
Guillermo;Rippin;grippin5i@head.ch;ETUDIANT
Jemmy;Starte;jstarte5j@head.ch;ETUDIANT
Llewellyn;Strathdee;lstrathdee5k@head.ch;ETUDIANT
Shanda;Pettican;spettican5l@head.ch;ETUDIANT
Agnella;Crouch;acrouch5m@head.ch;ETUDIANT
Lesya;Musto;lmusto5n@head.ch;ETUDIANT
Vikki;Stolberg;vstolberg5o@head.ch;ETUDIANT
Gabie;Egger;gegger5p@head.ch;ETUDIANT
Bob;Pepineaux;bpepineaux5q@head.ch;ETUDIANT
Carr;Condit;ccondit5r@head.ch;ETUDIANT
Latrena;Suttell;lsuttell5s@head.ch;ETUDIANT
Ariadne;Heugle;aheugle5t@head.ch;ETUDIANT
Eleanor;Horlock;ehorlock5u@head.ch;ETUDIANT
Phyllys;Marvell;pmarvell5v@head.ch;ETUDIANT
Candace;Conner;cconner5w@head.ch;ETUDIANT
Judith;Jillings;jjillings5x@head.ch;ETUDIANT
Burgess;Hanks;bhanks5y@head.ch;ETUDIANT
Geoff;Briar;gbriar5z@head.ch;ETUDIANT
Nealy;Jeduch;njeduch60@head.ch;ETUDIANT
Alexine;Matyushkin;amatyushkin61@head.ch;ETUDIANT
Arnie;Gilmore;agilmore62@head.ch;ETUDIANT
Jedd;Hazlewood;jhazlewood63@head.ch;ETUDIANT
Cassandre;Siss;csiss64@head.ch;ETUDIANT
Myrtice;Dressell;mdressell65@head.ch;ETUDIANT
Norine;Haulkham;nhaulkham66@head.ch;ETUDIANT
Reginauld;Gulk;rgulk67@head.ch;ETUDIANT
Farrand;Rundle;frundle68@head.ch;ETUDIANT
Amerigo;Burns;aburns69@head.ch;ETUDIANT
Gardie;Spurge;gspurge6a@head.ch;ETUDIANT
Chandler;Chaplain;cchaplain6b@head.ch;ETUDIANT
Milo;Cuttin;mcuttin6c@head.ch;ETUDIANT
Clementius;Senogles;csenogles6d@head.ch;ETUDIANT
Ely;Doswell;edoswell6e@head.ch;ETUDIANT
Caria;Barnson;cbarnson6f@head.ch;ETUDIANT
Annemarie;Howgate;ahowgate6g@head.ch;ETUDIANT
Newton;Fursse;nfursse6h@head.ch;ETUDIANT
Jaclyn;Stockton;jstockton6i@head.ch;ETUDIANT
Wylma;Tieman;wtieman6j@head.ch;ETUDIANT
Winifield;Bodle;wbodle6k@head.ch;ETUDIANT
Cathleen;Abramovici;cabramovici6l@head.ch;ETUDIANT
Lyda;Satcher;lsatcher6m@head.ch;ETUDIANT
James;Colebrook;jcolebrook6n@head.ch;ETUDIANT
Karyn;Garnsworthy;kgarnsworthy6o@head.ch;ETUDIANT
Darcy;Gipson;dgipson6p@head.ch;ETUDIANT
Douglas;Brooksby;dbrooksby6q@head.ch;ETUDIANT
Veda;Lusgdin;vlusgdin6r@head.ch;ETUDIANT
Harri;Hammerson;hhammerson6s@head.ch;ETUDIANT
Breena;Penquet;bpenquet6t@head.ch;ETUDIANT
Linnell;McGloin;lmcgloin6u@head.ch;ETUDIANT
Lin;Mesias;lmesias6v@head.ch;ETUDIANT
Rici;Faucett;rfaucett6w@head.ch;ETUDIANT
Ash;McGookin;amcgookin6x@head.ch;ETUDIANT
Reamonn;Billanie;rbillanie6y@head.ch;ETUDIANT
Brantley;Kmiec;bkmiec6z@head.ch;ETUDIANT
Carolyne;Vallender;cvallender70@head.ch;ETUDIANT
Lisetta;Chimenti;lchimenti71@head.ch;ETUDIANT
Derron;Vasilov;dvasilov72@head.ch;ETUDIANT
Roarke;Kelso;rkelso73@head.ch;ETUDIANT
Woodman;Tomkiss;wtomkiss74@head.ch;ETUDIANT
Blithe;Ace;bace75@head.ch;ETUDIANT
Parnell;Doiley;pdoiley76@head.ch;ETUDIANT
Lia;Vasilyonok;lvasilyonok77@head.ch;ETUDIANT
Glenden;Moulding;gmoulding78@head.ch;ETUDIANT
Theda;Ventam;tventam79@head.ch;ETUDIANT
Eimile;Toft;etoft7a@head.ch;ETUDIANT
Nancy;Etoile;netoile7b@head.ch;ETUDIANT
Rolando;Coston;rcoston7c@head.ch;ETUDIANT
Normy;Sneyd;nsneyd7d@head.ch;ETUDIANT
Ileana;Stallard;istallard7e@head.ch;ETUDIANT
Penny;Toner;ptoner7f@head.ch;ETUDIANT
Tana;Carpe;tcarpe7g@head.ch;ETUDIANT
Quillan;Spain;qspain7h@head.ch;ETUDIANT
Cale;Gabites;cgabites7i@head.ch;ETUDIANT
Sly;Salan;ssalan7j@head.ch;ETUDIANT
Jaquelyn;Blennerhassett;jblennerhassett7k@head.ch;ETUDIANT
Donnell;Buglar;dbuglar7l@head.ch;ETUDIANT
Debra;Ginty;dginty7m@head.ch;ETUDIANT
Nollie;Mayzes;nmayzes7n@head.ch;ETUDIANT
Averyl;Ortzen;aortzen7o@head.ch;ETUDIANT
Edgardo;Serrels;eserrels7p@head.ch;ETUDIANT
Kiley;Pettingill;kpettingill7q@head.ch;ETUDIANT
Cathyleen;McGiffin;cmcgiffin7r@head.ch;ETUDIANT
Ludovika;Cheetham;lcheetham7s@head.ch;ETUDIANT
Maud;Bier;mbier7t@head.ch;ETUDIANT
Marieann;Swan;mswan7u@head.ch;ETUDIANT
Clemmie;Sedgeworth;csedgeworth7v@head.ch;ETUDIANT
Corrie;Baggott;cbaggott7w@head.ch;ETUDIANT
Rianon;Shepherd;rshepherd7x@head.ch;ETUDIANT
Birgitta;Manwaring;bmanwaring7y@head.ch;ETUDIANT
Augustus;Brands;abrands7z@head.ch;ETUDIANT
Benedetto;Cicchetto;bcicchetto80@head.ch;ETUDIANT
Ogdan;Rackley;orackley81@head.ch;ETUDIANT
Juditha;Fancet;jfancet82@head.ch;ETUDIANT
Lelah;Farebrother;lfarebrother83@head.ch;ETUDIANT
Tito;Doone;tdoone84@head.ch;ETUDIANT
Sibyl;Gerren;sgerren85@head.ch;ETUDIANT
Hilde;Stoll;hstoll86@head.ch;ETUDIANT
Seana;Corwood;scorwood87@head.ch;ETUDIANT
Devonne;Barczynski;dbarczynski88@head.ch;ETUDIANT
Sheff;Cheverton;scheverton89@head.ch;ETUDIANT
Shane;Fantham;sfantham8a@head.ch;ETUDIANT
Emlen;Diggell;ediggell8b@head.ch;ETUDIANT
Julieta;Arnao;jarnao8c@head.ch;ETUDIANT
Natka;Imm;nimm8d@heds.ch;ETUDIANT
Kasper;Spearett;kspearett8e@heds.ch;ETUDIANT
Alverta;Astles;aastles8f@heds.ch;ETUDIANT
Daffie;Romans;dromans8g@heds.ch;ETUDIANT
Izaak;Pardue;ipardue8h@heds.ch;ETUDIANT
Anthony;Paddle;apaddle8i@heds.ch;ETUDIANT
Keir;Riddall;kriddall8j@heds.ch;ETUDIANT
Chad;Lahy;clahy8k@heds.ch;ETUDIANT
Bobina;Mariet;bmariet8l@heds.ch;ETUDIANT
Kendra;Codling;kcodling8m@heds.ch;ETUDIANT
Kurt;Scoggins;kscoggins8n@heds.ch;ETUDIANT
Delia;Woodrough;dwoodrough8o@heds.ch;ETUDIANT
Domingo;Andreaccio;dandreaccio8p@heds.ch;ETUDIANT
Agnola;Narducci;anarducci8q@heds.ch;ETUDIANT
Lambert;Overal;loveral8r@heds.ch;ETUDIANT
Harlen;Rowan;hrowan8s@heds.ch;ETUDIANT
Berke;Kobiela;bkobiela8t@heds.ch;ETUDIANT
Marylinda;Linford;mlinford8u@heds.ch;ETUDIANT
Aimee;Dundon;adundon8v@heds.ch;ETUDIANT
Guss;Le Estut;gleestut8w@heds.ch;ETUDIANT
Rodi;Delves;rdelves8x@heds.ch;ETUDIANT
Nerty;Shewon;nshewon8y@heds.ch;ETUDIANT
Maddi;Etridge;metridge8z@heds.ch;ETUDIANT
Otto;Layburn;olayburn90@heds.ch;ETUDIANT
Vere;Phillipp;vphillipp91@heds.ch;ETUDIANT
Quent;Ellesworth;qellesworth92@heds.ch;ETUDIANT
Logan;Overpool;loverpool93@heds.ch;ETUDIANT
Krystyna;Ashard;kashard94@heds.ch;ETUDIANT
Douglass;Maden;dmaden95@heds.ch;ETUDIANT
Aron;Knightley;aknightley96@heds.ch;ETUDIANT
Laurice;Heamus;lheamus97@heds.ch;ETUDIANT
Beatrice;Kloss;bkloss98@heds.ch;ETUDIANT
Ardis;Easterby;aeasterby99@heds.ch;ETUDIANT
Kriste;Stidever;kstidever9a@heds.ch;ETUDIANT
Shina;Steanyng;ssteanyng9b@heds.ch;ETUDIANT
Lem;Klazenga;lklazenga9c@heds.ch;ETUDIANT
Aymer;Aggio;aaggio9d@heds.ch;ETUDIANT
Linea;Watson;lwatson9e@heds.ch;ETUDIANT
Arly;Leidl;aleidl9f@heds.ch;ETUDIANT
Etty;Fumagallo;efumagallo9g@heds.ch;ETUDIANT
Cad;Kirtlan;ckirtlan9h@heds.ch;ETUDIANT
Cassius;Andreutti;candreutti9i@heds.ch;ETUDIANT
Pall;Chesters;pchesters9j@heds.ch;ETUDIANT
Walsh;Haws;whaws9k@heds.ch;ETUDIANT
Cristobal;Neave;cneave9l@heds.ch;ETUDIANT
Francklyn;Guilaem;fguilaem9m@heds.ch;ETUDIANT
Jayme;Haselwood;jhaselwood9n@heds.ch;ETUDIANT
Alex;Clashe;aclashe9o@heds.ch;ETUDIANT
Estell;Crewes;ecrewes9p@heds.ch;ETUDIANT
Lin;Leedal;lleedal9q@heds.ch;ETUDIANT
Harold;Sapauton;hsapauton9r@heds.ch;ETUDIANT
Kelci;Nigh;knigh9s@heds.ch;ETUDIANT
Hercule;Glashby;hglashby9t@heds.ch;ETUDIANT
Gregorius;Petren;gpetren9u@heds.ch;ETUDIANT
Delbert;Blandamere;dblandamere9v@heds.ch;ETUDIANT
Flossie;Clarricoates;fclarricoates9w@heds.ch;ETUDIANT
Denna;Donaher;ddonaher9x@heds.ch;ETUDIANT
Peri;Roome;proome9y@heds.ch;ETUDIANT
Hillary;McBeth;hmcbeth9z@heds.ch;ETUDIANT
Davin;Mabbett;dmabbetta0@heds.ch;ETUDIANT
Nealson;Gillson;ngillsona1@heds.ch;ETUDIANT
Alden;Rapin;arapina2@heds.ch;ETUDIANT
Lishe;Stonier;lstoniera3@heds.ch;ETUDIANT
Lise;Gabala;lgabalaa4@heds.ch;ETUDIANT
Andre;Storm;astorma5@heds.ch;ETUDIANT
Van;Olufsen;volufsena6@heds.ch;ETUDIANT
Goldarina;Wait;gwaita7@heds.ch;ETUDIANT
Kelcy;Arias;kariasa8@heds.ch;ETUDIANT
Hogan;Hecks;hhecksa9@heds.ch;ETUDIANT
Fayre;Ivanyushin;fivanyushinaa@heds.ch;ETUDIANT
Man;Szwarc;mszwarcab@heds.ch;ETUDIANT
Emmett;Lezemore;elezemoreac@heds.ch;ETUDIANT
Eugenio;Eastridge;eeastridgead@heds.ch;ETUDIANT
Cate;Dake;cdakeae@heds.ch;ETUDIANT
Aylmer;Vernon;avernonaf@heds.ch;ETUDIANT
Niles;Goggan;ngogganag@heds.ch;ETUDIANT
Hersch;Garlette;hgarletteah@heds.ch;ETUDIANT
Olin;Haking;ohakingai@heds.ch;ETUDIANT
Barrett;Tonkinson;btonkinsonaj@heds.ch;ETUDIANT
Angelika;Agneau;aagneauak@heds.ch;ETUDIANT
Ryann;Haighton;rhaightonal@heds.ch;ETUDIANT
Shurlocke;Bwye;sbwyeam@heds.ch;ETUDIANT
Erl;Halpin;ehalpinan@heds.ch;ETUDIANT
Thalia;Caulier;tcaulierao@heds.ch;ETUDIANT
Christyna;Condell;ccondellap@heds.ch;ETUDIANT
Eula;Mangion;emangionaq@heds.ch;ETUDIANT
Janaya;Roggeman;jroggemanar@heds.ch;ETUDIANT
Dorian;Patten;dpattenas@heds.ch;ETUDIANT
Zorana;Scotchmur;zscotchmurat@heds.ch;ETUDIANT
Drucie;McAster;dmcasterau@heds.ch;ETUDIANT
Turner;Burniston;tburnistonav@heds.ch;ETUDIANT
Chaunce;Castledine;ccastledineaw@heds.ch;ETUDIANT
Fons;Phorsby;fphorsbyax@heds.ch;ETUDIANT
Pincus;Bridge;pbridgeay@heds.ch;ETUDIANT
Antonetta;Weedall;aweedallaz@heds.ch;ETUDIANT
Francois;Nattrass;fnattrassb0@heds.ch;ETUDIANT
Melinda;Rignoldes;mrignoldesb1@heds.ch;ETUDIANT
Agosto;Tripney;atripneyb2@heds.ch;ETUDIANT
Marketa;Loud;mloudb3@heds.ch;ETUDIANT
Simone;Wylam;swylamb4@heds.ch;ETUDIANT
Kalila;Walklett;swylamb4@hets.ch;ETUDIANT
Charmian;De la Perrelle;kwalklettb5@hets.ch;ETUDIANT
Miguelita;Eyree;cdelaperrelleb6@hets.ch;ETUDIANT
Rich;Barthrop;meyreeb7@hets.ch;ETUDIANT
Erwin;Truwert;rbarthropb8@hets.ch;ETUDIANT
Veronike;Tilburn;etruwertb9@hets.ch;ETUDIANT
Wilhelmina;Blazejewski;vtilburnba@hets.ch;ETUDIANT
Dieter;Davidowsky;wblazejewskibb@hets.ch;ETUDIANT
Marcel;Arney;ddavidowskybc@hets.ch;ETUDIANT
Gavin;Dermot;marneybd@hets.ch;ETUDIANT
Stanislaus;Gerriessen;gdermotbe@hets.ch;ETUDIANT
Essa;Spears;sgerriessenbf@hets.ch;ETUDIANT
Ruttger;Imos;espearsbg@hets.ch;ETUDIANT
Elisabet;Montier;rimosbh@hets.ch;ETUDIANT
Benedick;McKeon;emontierbi@hets.ch;ETUDIANT
Stevy;Brewett;bmckeonbj@hets.ch;ETUDIANT
Row;Petras;sbrewettbk@hets.ch;ETUDIANT
Sisile;Kovacs;rpetrasbl@hets.ch;ETUDIANT
Libbie;Chyuerton;skovacsbm@hets.ch;ETUDIANT
Debora;Powder;lchyuertonbn@hets.ch;ETUDIANT
Conrado;Forman;dpowderbo@hets.ch;ETUDIANT
Eduino;Standley;cformanbp@hets.ch;ETUDIANT
Stephanie;Saffen;estandleybq@hets.ch;ETUDIANT
Jolie;Tash;ssaffenbr@hets.ch;ETUDIANT
Heida;Iacovone;jtashbs@hets.ch;ETUDIANT
Scot;Cossans;hiacovonebt@hets.ch;ETUDIANT
Pavel;Jorczyk;scossansbu@hets.ch;ETUDIANT
Gavra;Coxhead;pjorczykbv@hets.ch;ETUDIANT
Cori;Sudlow;gcoxheadbw@hets.ch;ETUDIANT
Agna;Wildbore;csudlowbx@hets.ch;ETUDIANT
Thaddeus;Giacomelli;awildboreby@hets.ch;ETUDIANT
Bond;Churchward;tgiacomellibz@hets.ch;ETUDIANT
Elmer;Goodlatt;bchurchwardc0@hets.ch;ETUDIANT
Minda;McGooch;egoodlattc1@hets.ch;ETUDIANT
Novelia;Filyaev;mmcgoochc2@hets.ch;ETUDIANT
Janet;Popland;nfilyaevc3@hets.ch;ETUDIANT
Carmine;Sedgeman;jpoplandc4@hets.ch;ETUDIANT
Dillon;Basham;csedgemanc5@hets.ch;ETUDIANT
Caterina;Nevins;dbashamc6@hets.ch;ETUDIANT
Gerhardt;Biner;cnevinsc7@hets.ch;ETUDIANT
Aland;Salzburger;gbinerc8@hets.ch;ETUDIANT
Roosevelt;Lakey;asalzburgerc9@hets.ch;ETUDIANT
Irv;Cancutt;rlakeyca@hets.ch;ETUDIANT
Ferdy;Paunton;icancuttcb@hets.ch;ETUDIANT
Claudian;Aylesbury;fpauntoncc@hets.ch;ETUDIANT
Lemmie;Cathersides;caylesburycd@hets.ch;ETUDIANT
Staffard;Beeston;lcathersidesce@hets.ch;ETUDIANT
Miranda;Brunsen;sbeestoncf@hets.ch;ETUDIANT
Amara;Roughsedge;mbrunsencg@hets.ch;ETUDIANT
