Jobyna;Sapey;jsapey0@hes.ch;PROFESSEUR
Adelbert;Hamberstone;ahamberstone1@hes.ch;PROFESSEUR
Osbert;McGilbon;omcgilbon2@hes.ch;PROFESSEUR
Collin;McKeag;cmckeag3@hes.ch;PROFESSEUR
Fulvia;Eary;feary4@hes.ch;PROFESSEUR
Foster;Kollatsch;fkollatsch5@hes.ch;PROFESSEUR
Gauthier;Swindells;gswindells6@hes.ch;PROFESSEUR
Hayward;Oran;horan7@hes.ch;PROFESSEUR
Rodolfo;O'Cridigan;rocridigan8@hes.ch;PROFESSEUR
Idette;Maddie;imaddie9@hes.ch;PROFESSEUR
Brandtr;Greep;bgreepa@hes.ch;PROFESSEUR
Kellyann;Germann;kgermannb@hes.ch;PROFESSEUR
Errol;Disbrey;edisbreyc@hes.ch;PROFESSEUR
Myrna;Djurkovic;mdjurkovicd@hes.ch;PROFESSEUR
Corilla;Haig;chaige@hes.ch;PROFESSEUR
Isabella;Gerard;igerardf@hes.ch;PROFESSEUR
Ajay;Cornels;acornelsg@hes.ch;PROFESSEUR
Sergio;Jolliffe;sjolliffeh@hes.ch;PROFESSEUR
Magdalena;Spincke;mspinckei@hes.ch;PROFESSEUR
Pall;Tregido;ptregidoj@hes.ch;PROFESSEUR
Tabor;Sandhill;tsandhillk@hes.ch;PROFESSEUR
Constantia;Empleton;cempletonl@hes.ch;PROFESSEUR
Sidonia;Millhouse;smillhousem@hes.ch;PROFESSEUR
Rudie;Scully;rscullyn@hes.ch;PROFESSEUR
Daniel;Massimo;dmassimoo@hes.ch;PROFESSEUR
Alonso;Noone;anoonep@hes.ch;PROFESSEUR
Judi;Sambrok;jsambrokq@hes.ch;PROFESSEUR
Susanetta;Rattery;sratteryr@hes.ch;PROFESSEUR
Benji;Gherardelli;bgherardellis@hes.ch;PROFESSEUR
Amalie;Gianilli;agianillit@hes.ch;PROFESSEUR
Chico;Twelves;ctwelvesu@hes.ch;PROFESSEUR
Hussein;Blodget;hblodgetv@hes.ch;PROFESSEUR
Dag;Martland;dmartlandw@hes.ch;PROFESSEUR
Nicol;Magrannell;nmagrannellx@hes.ch;PROFESSEUR
Putnem;Stocks;pstocksy@hes.ch;PROFESSEUR
Kerr;Ridd;kriddz@hes.ch;PROFESSEUR
Jed;Bricknell;jbricknell10@hes.ch;PROFESSEUR
Netta;Carrier;ncarrier11@hes.ch;PROFESSEUR
Linus;Peye;lpeye12@hes.ch;PROFESSEUR
Beale;Devericks;bdevericks13@hes.ch;PROFESSEUR
Ryan;Prudence;rprudence14@hes.ch;PROFESSEUR
Kizzee;Spadeck;kspadeck15@hes.ch;PROFESSEUR
Dexter;Micklewright;dmicklewright16@hes.ch;PROFESSEUR
Steven;Bowater;sbowater17@hes.ch;PROFESSEUR
Gray;Tierney;gtierney18@hes.ch;PROFESSEUR
