E-ID;numérique;droit;communication;
Ethique numérique;éthique;numérique;Gestion de projet numérique;
Créer son entreprise;Gestion de projet;idée;
Art dans le numérique;art;numérique;
Maladies auto-immunes et IA ;santé;numérique;programmation;
Santé mentale et études;santé;sociabiliser;Gestion des situations critiques;
Human rights in digital;droit; éthique;
FestivHEG;musique;sociabiliser;
Pause ton jeu;numérique;sociabiliser;
BLM, le combat continue;éthique;droit;
E-harcèlement;éthique;santé;numérique;
